UNIVERSIDAD NACIONAL ABIERTA Y A DISTANCIA - UNAD
Eventos - Participantes lista
Evento: Evento Desarrollo
Documento;Participante;Institucion;Cargo;Correo;Telefono;Estado asistencia
CC 91477448;HUMBERTO FLOREZ;CEAD;Estudiante;humbertoflorez10@yahoo.es;3112510187;Invitado
CC 37617463;LUZ ADRIANA TARAZONA; Zona Centro Bogotá Cundinamarca José Acevedo y Gomez ECBTI - Ciencias Basicas Tecnologia e Ingenieria INGENIERIA DE SISTEMAS;Estudiante;adnatarazona@gmail.com;3014079343;Invitado
CC 79348448;SAUL ALEXANDER HERNANDEZ ALBARRACIN;UNAD;Funcionario Super Administrador;ingshernandez@gmail.com;312580589;Invitado
CC 79963568;OMAR AUGUSTO BAUTISTA;UNAD;Funcionario CARACTERIZACION - Administrador;oabautistam@unadvirtual.edu.co;3118562569;Invitado
