UNIVERSIDAD NACIONAL ABIERTA Y A DISTANCIA - UNAD
 Peraca: GO VALLE NIVEL A2 Zona: Zona Amazonia Orinoquia Cead: Yopal Desde: 04/09/2019

Consec;Tipo;Categoria;Estado;Publicado;Nombre;Zona;Cead;Peraca;Lugar;Inifecha;Inihora;Iniminuto;Finfecha;Finhora;Finminuto;TD;Doc;Organizador;Contacto;Forma de inscripcion;Modalidad;Insfechaini;Insfechafin;Detalle
17;Bienestar;Cultura - Arte y Cultura;En Desarrollo;S;e;Zona Amazonia Orinoquia;Yopal;GO VALLE NIVEL A2;e;06/09/2019;7;17;06/09/2019;7;17;CC;13511271;MIGUEL  PINTO APARICIO;e;Cerrada;Presencial;06/09/2019;06/09/2019;
